{
  "accuracy": 0.7828246983676366,
  "f1": 0.5096153846153846,
  "roc_auc": 0.820398356971247,
  "model": "decision_tree"
}